nome;cpf;área de atuação;e-mail;celular;empresa;endereço;cidade;disponibilidade;situação;etapa
Sérgio Paiva;00000000101;Música;exemplo101@exemplo.test;00119870101;Rede Fictícia;Rua Inventada, 101;São Paulo;Sábado de manhã;Em análise;Inscrição
Luana Ferraz;00000000102;Cabelo e beleza;exemplo102@exemplo.test;00119870102;Rede Fictícia;Rua Inventada, 102;Campinas;Sábado de manhã;Em análise;Inscrição
Ícaro Brandão;00000000103;Palhaçaria;exemplo103@exemplo.test;00119870103;Rede Fictícia;Rua Inventada, 103;Santos;Sábado de manhã;Em análise;Inscrição
Cecília Brito;00000000104;Leitura;exemplo104@exemplo.test;00119870104;Rede Fictícia;Rua Inventada, 104;Sorocaba;Sábado de manhã;Em análise;Inscrição
Otávio Franco;00000000105;Barbearia;exemplo105@exemplo.test;00119870105;Rede Fictícia;Rua Inventada, 105;São Paulo;Sábado de manhã;Em análise;Inscrição
Maya Oliveira;00000000106;Contação de histórias;exemplo106@exemplo.test;00119870106;Rede Fictícia;Rua Inventada, 106;Campinas;Sábado de manhã;Em análise;Inscrição
Rita Xavier;00000000107;Acolhimento;exemplo107@exemplo.test;00119870107;Rede Fictícia;Rua Inventada, 107;Santos;Sábado de manhã;Em análise;Inscrição
Samuel Torres;00000000108;Música;exemplo108@exemplo.test;00119870108;Rede Fictícia;Rua Inventada, 108;São Paulo;Sábado de manhã;Em análise;Inscrição
Elisa Farias;00000000109;Artesanato;exemplo109@exemplo.test;00119870109;Rede Fictícia;Rua Inventada, 109;Sorocaba;Sábado de manhã;Em análise;Inscrição
Davi Marques;00000000110;Teatro;exemplo110@exemplo.test;00119870110;Rede Fictícia;Rua Inventada, 110;Campinas;Sábado de manhã;Em análise;Inscrição
Bianca Antunes;00000000111;Cabelo e beleza;exemplo111@exemplo.test;00119870111;Rede Fictícia;Rua Inventada, 111;São Paulo;Sábado de manhã;Em análise;Inscrição
Yara Freire;00000000112;Palhaçaria;exemplo112@exemplo.test;00119870112;Rede Fictícia;Rua Inventada, 112;Santos;Sábado de manhã;Em análise;Inscrição
Vitor Melo;00000000113;Fotografia;exemplo113@exemplo.test;00119870113;Rede Fictícia;Rua Inventada, 113;São Paulo;Sábado de manhã;Em análise;Inscrição
Nádia Pereira;00000000114;Leitura;exemplo114@exemplo.test;00119870114;Rede Fictícia;Rua Inventada, 114;Campinas;Sábado de manhã;Em análise;Inscrição
Jonas Ribeiro;00000000115;Barbearia;exemplo115@exemplo.test;00119870115;Rede Fictícia;Rua Inventada, 115;Sorocaba;Sábado de manhã;Em análise;Inscrição
Lara Macedo;00000000116;Música;exemplo116@exemplo.test;00119870116;Rede Fictícia;Rua Inventada, 116;Santos;Sábado de manhã;Em análise;Inscrição
Ana Luz;00000000001;Música;;;Coletivo Teste de Música;;São Paulo;;;
